,0,1,2,3,4,5,6,7,8,9,10,11,12,13,14,15,16,17,18,19,20,21,22,23,24,25,26,27,28,29,30,31,32,33,34,35,36,37,38,39,40,41,42,43,44,45,46,47,48,49,50,51,52,53,54,55,56,57,58,59,60,61,62,63,64,65,66,67,68,69,70,71,72,73,74,75,76,77,78,79,80,81,82,83,84,85,86,87,88,89,90,91,92,93,94,95,96,97,98,99,100,101,102,103,104,105,106,107,108,109,110,111,112,113,114,115,116,117,118,119,120,121,122,123,124,125,126,127,128,129,130,131,132,133,134,135,136,137,138,139,140,141,142,143,144,145,146,147,148,149,150,151,152,153,154,155,156,157,158,159,160,161,162,163,164,165,166,167,168,169,170,171,172,173,174,175,176,177,178,179,180,181,182,183,184,185,186,187,188,189,190,191,192,193,194,195,196,197,198,199,200,201,202,203,204,205,206,207,208,209,210,211,212,213,214,215,216,217,218,219,220,221,222,223,224,225,226,227,228,229,230,231,232,233,234,235,236,237,238,239,240,241
0,S229,A,2006,1138,993,1027,1155,1175,1299,1786,1781,1570,1387,1635,2795,1679,1329,1585,1406,1260,1814,1556,2143,1963,1555,1217,1738,1261,1141,1099,1274,1325,1197,1596,1923,1789,1606,2174,3089,1746,1571,1545,1593,1480,1925,1290,2637,1907,1922,1660,2355,1104,1093,1085,1125,1257,1055,1547,1927,1881,1490,2156,3147,1706,1599,1544,1738,1747,2380,2049,2713,2543,2139,2105,2378,1461,1295,1313,1360,1582,1425,1656,1822,1602,1404,1837,2589,1052,956,895,972,1124,1620,1280,1492,1587,1330,1219,2064,1347,1325,1273,1461,1481,1511,2000,2137,1643,1464,1706,2236,1065,994,907,948,997,1788,1394,1787,1435,1225,1221,1900,1259,1357,509,557,1375,1548,1802,1995,1720,1468,1625,2515,1371,1439,1642,1344,1247,1737,1434,1782,1595,1348,1083,1864,1367,1299,1301,1308,1382,1401,1837,2045,1790,1409,1179,1852,796,780,602,584,558,831,639,943,960,859,775,976,581,563,547,635,664,684,828,981,889,1303,1490,2246,1335,1270,1281,1210,1078,1664,1337,1632,1454,1333,1146,1721,1059,963,1000,1107,1132,1086,1399,1575,1507,1469,1650,2305,1328,1323,1314,1317,1443,1963,2201,2577,1900,1606,1390,1859,1009,1001,940,981,1239,1023,1284,1510,1497,1448,1677,2188,1499,1313,1351,1237,1454,2031,1615,2230,1899,1574,1666
0,S361,C,910,1212,1253,913,1181,838,1130,886,832,1400,717,1221,1764,1952,1767,1388,2072,1802,1372,953,1218,2105,972,1416,907,1504,1139,2360,1317,1110,871,1858,1454,2202,1531,1237,1590,1428,1478,2650,1530,1162,1280,897,1121,1745,1633,1450,1883,1056,1081,1144,1226,1283,1191,961,1353,1801,1249,2191,1697,1810,1764,1418,1403,1800,1455,1411,1496,2571,2757,1699,1061,1535,976,1167,2413,1508,1220,1568,2170,1663,1517,1299,1386,1630,1268,723,1640,1500,1247,1076,1388,2816,879,1417,885,2269,1049,1926,1425,1464,1229,1699,1633,1676,1039,1382,1420,1524,1685,1119,1378,946,1433,1566,983,1969,912,1458,1690,1579,1006,1719,1155,1063,1841,969,1735,1702,1005,1679,1490,1168,1547,1061,1226,857,1160,984,1478,2495,1728,1171,947,775,1744,789,1374,1276,1216,1360,1500,1838,1471,809,999,1033,1221,1200,1361,1018,653,845,1309,1630,1086,680,1511,1106,1406,1314,1278,1145,947,889,1519,1060,1241,1134,897,1145,1007,1104,1506,748,938,1102,826,1437,1382,1687,1041,1302,1531,1638,692,2043,1570,1490,1493,1683,1231,1826,1117,998,1623,1126,1332,1058,1344,1308,433,2080,1625,1106,1320,1098,1666,1351,875,1474,858,1326,1107,2136,1585,1629,1306,1538,1088,1429,975,1486,1404,708,1248,2221,1015,1012
0,S140,B,10,0,0,0,15687,4,1,11,6,3,7,5,10,6,15,3,11,5,9,3,2,7,7,4,9548,0,7,0,16628,10,10,3,15,4,8,3,12,2,8,5,8,3,7,2,7,1,7,3,18661,0,3,1,21293,4,9,2,11,3,4,5,5,3,10,1,8,2,9,1,5,6,15,2,17878,0,6,0,14904,8,4,4,9,3,10,3,6,6,11,5,9,4,9,7,5,2,7,3,10329,0,6,0,18535,8,10,10,11,5,6,5,4,1,3,12,9,5,11,1,3,3,10,2,18002,0,4,0,20372,6,4,4,9,6,6,2,6,4,14,5,6,3,6,6,8,2,1,3,13183,0,4,0,17236,8,12,10,17,1,10,2,4,6,7,3,5,1,5,4,5,5,4,3,9815,0,0,0,17346,5,10,13,14,3,11,2,8,5,8,5,5,3,7,4,5,2,6,4,14952,0,1,0,16099,10,10,3,11,2,7,2,5,2,7,2,5,5,4,5,5,4,6,2,15543,0,1,0,14866,13,7,6,13,3,6,5,6,7,12,9,8,3,4,3,5,4,2,5
0,S108,B,556,7871,832,636,761,707,615,636,736,730,676,685,802,862,902,1082,948,779,754,716,713,710,736,627,599,7586,744,683,853,785,676,643,895,789,748,737,876,798,882,723,796,794,782,566,710,715,768,759,798,7170,880,731,913,817,726,638,824,793,755,782,899,811,896,853,949,803,813,808,890,854,1054,913,804,6508,837,656,805,901,685,660,806,707,691,659,777,749,776,705,865,732,791,588,622,616,713,724,698,7243,1062,712,880,860,799,797,884,715,764,744,756,779,831,703,824,656,751,724,692,588,593,726,817,7885,850,736,981,820,781,727,832,806,745,638,748,730,850,891,733,671,724,633,722,731,737,666,781,6416,928,743,911,801,740,722,874,847,763,693,728,682,855,739,729,603,597,542,629,581,715,724,692,5556,834,760,926,817,778,713,883,781,790,694,727,739,951,818,705,686,733,666,639,618,738,620,684,5492,798,677,817,777,746,672,719,728,742,622,685,628,753,681,759,680,716,708,417,635,731,688,774,6205,792,709,822,849,773,700,814,708,779,688,786,759,781,660,804,703,668,639,725,636,755,698
0,S282,A,2,162,116,108,139,237,367,470,478,523,487,573,817,835,724,787,816,941,1121,1268,1386,1336,1052,637,305,201,147,134,162,278,379,550,650,681,673,798,967,950,901,852,896,1075,1193,1153,1380,1346,1135,781,415,218,172,140,158,284,352,553,671,765,697,936,1068,1072,1049,1077,1169,1138,1302,1657,1724,1651,1344,809,378,217,154,113,53,107,292,392,443,481,447,515,709,704,591,584,677,823,957,1046,1077,1133,940,644,317,194,140,121,155,259,376,516,566,560,590,706,872,868,795,712,782,839,1127,1234,1192,1079,860,638,345,217,180,141,181,271,413,561,687,738,687,692,876,886,865,918,829,841,1092,1308,1243,1216,1008,680,372,228,168,140,155,260,397,533,615,700,615,622,731,761,798,730,716,748,890,1034,1170,1162,1022,700,362,225,171,144,180,267,425,536,622,662,608,656,778,820,825,811,789,1042,1211,1372,1329,1209,1132,763,412,242,175,152,170,285,426,592,757,860,887,917,994,1022,1046,1057,1128,1224,1343,1692,335,1413,1101,715,413,258,207,162,178,303,448,625,770,839,856,889,926,1119,995,936,959,1072,1216,1351,1412,1271,1036,708
0,S151,C,146,553,643,610,721,663,628,612,720,617,730,610,878,762,872,789,922,689,662,617,682,690,747,657,663,561,672,650,811,702,638,624,871,752,764,744,881,746,814,725,752,680,639,551,674,650,745,703,801,556,729,746,732,764,651,627,720,750,685,695,861,714,855,778,911,786,820,763,796,779,1012,876,791,653,772,528,876,827,671,611,719,682,18750,21267,7306,609,648,1501,739,603,627,518,598,571,683,654,662,564,700,659,842,764,744,585,636,544,569,674,517,426,460,382,458,407,479,400,430,369,404,444,441,477,538,477,666,575,484,447,479,413,403,381,624,585,683,695,678,526,664,601,647,539,661,584,712,504,676,624,816,712,620,559,616,618,555,534,638,522,655,495,559,434,462,433,501,480,635,627,630,516,694,617,780,659,638,601,724,609,563,571,565,571,772,580,587,555,635,559,566,468,602,515,465,292,366,333,470,407,401,333,341,339,449,512,572,510,620,557,612,581,715,652,289,489,605,545,635,453,631,525,705,676,643,581,648,576,628,612,607,614,724,523,643,504,602,519,583,513,557,547
0,S275,A,395,525,577,546,643,651,487,618,697,583,597,633,767,598,627,768,667,708,709,461,650,648,733,690,498,467,658,637,835,808,543,679,704,758,715,535,775,700,820,450,706,701,753,487,563,685,662,764,665,544,701,766,905,942,452,667,903,729,698,674,791,814,861,827,906,564,756,887,776,696,831,833,655,657,821,609,791,854,656,650,518,612,598,570,659,738,414,585,621,742,637,562,388,656,750,715,624,733,499,730,941,846,736,573,787,661,557,740,533,629,609,535,426,565,651,607,612,421,564,664,579,674,589,714,841,809,689,654,643,742,612,613,637,492,666,749,713,553,624,471,631,669,715,724,674,480,760,768,847,745,595,738,743,663,539,560,434,711,722,610,594,601,400,548,531,524,447,666,644,569,763,708,720,800,688,724,771,750,435,600,573,741,759,608,511,626,650,604,560,627,456,672,570,527,661,525,680,717,595,626,586,516,662,672,650,688,595,579,670,754,605,523,476,495,802,766,634,617,620,744,853,878,703,698,894,552,719,822,831,966,830,604,711,671,687,706,744,532,786,779
0,S329,A,495,494,612,573,681,486,628,720,606,651,371,519,748,808,640,576,745,663,679,413,688,689,753,682,418,587,640,762,819,596,667,590,845,791,710,580,801,746,737,663,738,573,727,626,669,655,772,728,822,562,751,702,722,798,642,735,772,668,621,779,829,869,882,773,737,821,818,920,760,898,721,857,673,697,843,524,834,971,650,626,497,631,525,533,634,621,527,543,674,716,426,540,463,696,677,691,572,577,672,662,831,852,772,734,605,656,626,596,701,699,578,609,614,590,590,466,558,567,543,669,609,546,700,712,832,836,518,705,790,721,579,435,719,720,654,782,488,571,665,636,618,514,604,690,659,708,785,707,673,888,625,706,735,514,545,538,572,458,765,641,546,562,492,423,561,596,620,716,560,649,741,700,925,783,509,720,763,762,565,448,636,663,693,768,630,461,676,592,518,556,411,695,616,550,629,622,565,762,602,627,676,561,521,633,654,623,632,549,715,774,686,828,177,346,411,468,337,493,812,670,726,801,754,632,686,707,623,537,600,793,686,785,766,569,611,639,676,632,553,730
0,S340,B,42,609,734,761,791,732,584,759,878,748,546,725,923,754,801,920,915,886,892,575,563,535,638,523,450,515,511,587,664,663,506,502,610,581,558,570,647,662,658,568,575,598,552,458,569,548,590,669,570,495,611,612,620,730,478,551,602,660,518,645,658,665,700,663,732,660,591,616,671,682,765,743,603,562,596,595,664,767,516,507,571,493,373,412,544,567,497,444,526,547,462,417,429,507,496,907,883,769,839,946,822,1059,824,904,975,719,704,758,828,832,849,740,599,729,799,761,712,679,745,595,879,772,941,1069,1170,813,928,935,877,775,622,733,732,832,651,911,816,700,765,615,733,820,885,858,581,829,906,889,1012,1018,631,791,869,824,667,643,566,763,832,777,597,672,619,580,567,612,788,866,673,807,785,757,1014,936,802,735,986,898,798,760,790,777,784,728,787,679,692,723,538,669,689,790,778,616,707,867,831,809,773,803,829,794,636,703,831,834,822,610,833,810,826,670,284,516,543,853,302,523,683,876,1022,1181,835,729,903,879,877,681,757,960,991,970,770,758,798,777,811,742,779,961
0,S139,B,6390,0,7023,0,5,16,10,11,25,10,21,11,20,12,28,10,25,4,15,4,19,11,12,8,6506,0,8559,0,4,32,17,18,25,12,14,18,19,11,15,7,14,9,12,11,14,5,16,14,10207,1,6882,1,7,29,15,33,35,5,16,16,22,13,16,9,22,10,18,11,17,16,25,16,9600,0,7468,0,2,20,13,13,30,11,13,6,24,9,18,4,16,10,26,9,15,10,16,10,5827,0,4866,0,1,18,25,20,15,14,12,7,17,8,22,8,23,9,19,9,11,4,19,7,9662,0,9617,0,2,17,14,12,22,12,15,1,8,5,20,10,12,13,24,5,13,6,11,8,7179,0,7624,0,8,20,21,21,23,5,7,6,14,11,9,10,17,4,15,12,8,12,15,5,5224,0,5570,0,4,20,21,10,29,11,15,9,16,8,20,10,13,9,16,4,5,4,25,6,9168,0,4565,0,5,17,23,21,20,7,19,11,13,9,14,9,17,13,14,12,18,10,19,4,9253,0,7931,0,4,26,21,17,34,12,13,9,16,19,21,5,17,7,15,6,10,13,9,4
0,S131,B,2,539,657,628,620,663,426,661,699,751,507,531,691,710,761,528,794,669,697,597,374,454,367,427,337,367,393,418,418,486,371,404,413,463,378,418,488,447,452,426,478,465,429,358,377,388,423,494,409,385,439,463,456,524,375,397,467,516,403,483,478,481,469,472,557,498,469,474,440,530,572,540,410,396,442,419,467,522,403,398,399,367,336,345,399,403,350,362,416,399,332,324,328,388,402,672,502,684,592,717,837,752,558,749,751,637,497,638,780,725,646,633,560,476,637,675,566,576,629,505,696,649,805,857,1014,626,750,717,738,635,494,648,706,660,739,660,550,539,651,728,581,524,604,710,627,699,794,574,791,871,736,664,605,706,660,568,571,574,639,732,655,551,571,364,523,623,627,713,473,676,667,744,851,728,578,726,734,770,464,627,637,695,761,516,706,655,573,587,571,512,542,632,538,646,466,602,764,869,701,429,690,658,665,660,643,645,594,630,534,717,722,905,195,414,400,474,414,468,760,574,667,893,733,564,785,555,647,744,714,859,525,619,596,705,576,716,684,608,599,660
0,S308,B,332,340,752,298,439,471,375,699,798,613,366,426,510,382,474,534,977,963,633,812,468,368,420,367,460,826,601,647,762,416,419,349,527,1069,512,409,1124,892,814,356,449,385,759,578,518,368,625,676,770,401,373,733,522,590,883,278,809,684,571,686,716,538,573,499,815,762,684,701,1199,458,547,1506,383,392,568,582,816,860,603,381,354,461,302,524,411,557,706,630,399,759,321,507,353,483,502,1071,506,544,481,432,514,427,458,1086,680,519,1182,388,382,449,414,515,620,447,534,599,591,512,386,380,771,388,622,531,1148,714,766,527,516,634,709,422,350,396,698,685,553,336,908,429,498,934,602,453,529,643,570,1072,503,460,471,594,476,603,419,784,406,436,372,1028,309,501,295,428,588,1003,440,397,385,402,426,485,414,1426,560,647,893,403,412,449,405,785,1068,578,604,390,352,533,343,390,825,440,425,478,1016,398,359,500,319,543,663,458,550,556,642,372,444,406,716,412,391,1166,55,141,105,8181,208,282,448,228,302,299,259,323,271,216,240,288,252,385,309,232,219,240,294,283,152,313,221,279
0,S330,B,234,247,231,442,359,445,404,458,311,420,493,645,1124,548,404,1054,524,653,560,270,357,346,743,550,423,248,469,458,1706,875,323,299,597,1072,520,751,649,350,510,379,325,299,602,263,499,737,1720,1550,481,311,886,364,468,432,428,374,721,532,524,405,452,577,418,1824,1236,668,515,750,1121,387,623,643,388,427,585,588,429,527,281,251,1485,988,570,294,476,904,313,428,339,381,264,722,289,559,535,529,448,310,1679,998,603,424,1121,629,584,642,411,386,337,341,497,283,402,403,441,1319,1003,440,256,339,788,337,541,508,575,474,581,365,640,291,379,270,472,1471,1390,572,309,743,393,491,680,481,336,445,403,466,363,399,363,826,1339,1214,550,535,316,911,291,316,333,472,294,559,385,527,228,561,336,372,1145,949,322,539,1158,945,616,320,366,385,410,343,415,318,598,355,584,1168,853,443,323,767,405,453,426,302,369,285,510,392,631,296,497,513,1470,668,653,379,349,798,602,541,445,508,58,124,139,9768,246,426,290,231,252,337,219,305,173,254,266,284,290,348,186,299,224,271,295,171,264,262,238,293
0,S356,C,55,209,326,217,218,206,380,540,652,590,531,487,444,878,918,862,1023,1193,1788,1238,1023,990,964,1596,480,374,347,231,89,144,206,316,860,1137,568,741,940,891,872,752,871,1033,838,1226,987,1033,1259,984,637,347,345,82,82,203,120,471,740,667,784,991,1162,848,1042,1072,996,1344,957,924,1061,945,990,763,345,306,304,59,85,172,82,145,194,245,221,254,384,561,200,282,476,358,358,478,383,665,659,601,458,416,296,86,130,86,144,226,200,220,188,278,629,354,362,272,365,444,446,472,478,619,573,624,363,294,166,140,151,98,132,199,259,281,994,413,1254,311,431,381,306,383,439,428,461,531,670,597,303,290,195,64,228,83,123,233,232,281,292,300,258,472,406,544,231,359,327,405,614,489,901,523,284,176,215,108,215,163,137,813,328,316,307,270,275,393,877,436,413,1043,801,1367,457,891,814,703,388,427,411,128,65,184,177,536,394,386,646,567,1126,923,1117,1246,887,878,736,919,1487,1076,1067,808,690,301,220,345,289,160,166,366,690,726,754,780,1049,847,765,708,621,666,675,699,1222,980,631,1478
0,S268,C,509,516,522,521,569,574,433,481,498,514,473,487,577,593,556,579,589,561,508,483,525,532,539,506,468,536,582,648,601,674,468,543,605,565,514,550,599,578,561,514,544,560,552,440,496,513,573,635,579,567,644,663,596,692,477,533,588,578,453,612,670,626,657,624,645,616,625,626,624,628,718,736,586,618,608,595,634,697,522,476,477,473,402,459,480,519,450,463,526,491,463,447,411,485,503,564,560,612,619,577,635,626,563,597,595,479,447,503,551,568,503,440,466,460,515,477,475,445,433,528,541,590,679,627,728,654,553,543,521,555,501,468,562,555,563,569,501,485,506,483,486,464,533,517,555,633,668,712,655,675,528,561,545,544,462,449,461,462,541,457,486,439,438,428,403,458,528,580,534,599,599,634,680,616,545,532,560,596,483,487,469,508,516,520,429,460,520,461,443,449,505,488,521,492,558,591,598,662,475,458,506,516,497,483,504,525,536,504,537,534,513,561,257,531,512,542,502,519,601,660,606,687,535,504,584,556,526,475,477,632,559,548,531,513,524,517,495,507,531,535
0,S306,C,406,260,320,344,408,379,385,356,558,538,659,419,573,542,631,571,671,617,588,574,593,574,587,457,418,380,438,314,450,384,344,359,684,532,578,471,663,626,714,614,667,630,569,427,648,432,653,606,554,416,539,382,453,404,351,412,598,596,625,609,702,571,859,723,922,771,660,538,700,693,807,572,542,380,423,308,367,542,452,434,841,795,652,612,607,533,586,568,624,571,524,450,454,549,681,573,553,397,454,433,442,398,427,439,785,608,580,595,694,553,627,535,666,498,546,515,537,426,476,514,548,441,529,410,541,438,467,446,640,682,773,559,639,584,704,722,602,409,576,539,627,530,650,464,509,400,477,411,404,376,449,478,615,632,647,577,436,455,514,503,525,325,471,477,490,438,611,537,456,362,402,415,567,367,428,474,763,704,659,527,506,542,614,452,440,452,538,520,521,425,496,438,484,358,353,303,371,378,429,355,560,644,643,531,580,540,663,567,607,576,587,687,457,448,511,463,439,314,435,399,437,378,466,350,627,600,649,536,607,570,589,466,494,407,511,443,548,473,546,538
0,S348,A,12,7,0,0,0,0,5,190,343,3294,335,268,54,75,270,416,253,295,33,68,52,79,40,14,9,0,2,0,3,1,0,8,32,58,110,56,37,20,29,23,17,29,18,21,35,20,11,6,5,0,0,0,0,0,5,4,46,35,32,30,1,19,21,27,34,55,46,35,58,82,83,13,27,0,1,0,0,6,4,108,348,574,386,263,54,148,322,287,271,161,60,103,134,107,67,21,6,0,0,0,0,0,5,146,723,444,522,386,93,259,324,318,281,106,71,157,93,101,42,11,1,0,0,0,9,1,1,173,533,1561,1026,650,497,521,883,1076,712,11382,36972,12997,50,81,45,9,11,6,0,0,0,0,18,232,527,416,407,402,72,263,454,337,137,76,15,44,77,49,22,0,2,0,0,0,0,0,7,171,471,556,363,320,65,188,443,359,109,75,11,12,13,12,40,45,0,0,1,0,0,0,0,12,24,15,85,42,113,126,18,40,68,11,21,31,56,12,1,13,0,0,0,4,0,0,0,0,6,122,161,60,18,42,55,16,78,47,49,45,38,48,59,58
0,S352,A,86,86,80,159,129,167,249,282,235,259,233,278,337,351,306,342,296,155,249,321,316,140,150,161,256,243,308,290,326,248,163,206,385,384,325,366,413,247,247,379,371,320,184,106,203,175,233,183,221,162,150,155,193,308,102,131,158,150,307,231,263,389,408,323,241,141,138,146,131,184,246,208,195,227,267,221,316,148,83,86,292,254,303,255,279,296,368,236,333,272,291,283,217,228,260,282,301,298,304,368,388,417,338,380,317,198,262,287,290,343,299,368,344,302,349,331,288,304,311,364,363,331,377,364,450,443,385,384,368,341,386,359,429,438,466,492,424,367,348,386,323,351,340,336,426,401,470,480,487,538,413,434,480,477,366,413,470,476,548,500,440,398,350,326,337,355,381,422,458,536,597,589,699,616,564,576,636,639,563,534,551,596,670,640,617,619,583,589,524,525,562,572,499,476,500,495,519,623,456,401,461,506,492,471,477,515,515,539,534,518,461,387,347,552,550,541,474,414,466,467,539,693,599,495,536,505,469,490,488,612,640,625,605,591,552,531,490,480,483,501
0,S201,A,155,0,0,0,0,0,0,0,0,0,0,0,0,0,287,1619,1535,1372,1149,1932,1993,1569,9307,0,0,0,0,0,0,0,0,0,0,0,0,0,0,0,0,0,0,0,0,0,0,0,0,0,0,0,0,0,0,0,0,0,0,0,0,0,0,0,0,0,0,0,0,0,0,0,0,0,0,0,0,0,0,0,0,0,0,0,0,0,30977,2552,0,0,0,0,0,0,0,0,0,0,0,0,0,0,0,0,0,0,0,0,0,0,0,0,0,0,0,0,0,0,0,0,0,0,0,0,0,0,0,0,0,0,0,0,0,0,0,0,0,0,0,0,0,0,0,0,0,0,0,0,0,0,0,0,0,0,0,0,2805,0,0,0,0,0,0,0,474,435,0,0,0,0,0,0,0,0,0,0,0,0,0,0,0,509,1031,982,985,1033,960,1058,962,2249,2141,951,7529,3438,0,0,0,0,0,0,0,0,0,0,0,0,0,0,0,0,0,0,0,0,0,0,0,0,0,0,0,0,0,0,0,0,0,0,0,0,0,0,0,0,0,0,0,0,0,0,0,0
0,S194,C,242,349,304,369,435,427,404,431,427,402,313,365,445,480,438,431,446,468,380,379,415,423,434,413,332,393,423,424,498,526,381,415,437,418,424,469,475,477,460,437,419,471,410,359,391,384,468,491,446,427,473,474,514,555,413,446,463,477,399,484,556,531,522,510,531,501,462,528,501,507,591,595,450,446,467,458,506,557,401,406,418,393,331,326,439,412,380,359,433,420,350,333,342,382,415,453,387,391,451,419,502,515,463,486,478,411,346,387,415,422,424,333,356,348,397,396,366,385,376,403,401,426,489,474,545,523,458,432,446,427,374,394,419,422,442,450,390,384,387,410,386,394,406,446,396,402,444,491,507,519,424,453,474,454,363,367,343,386,422,402,374,320,322,311,294,351,393,446,397,375,446,435,521,482,405,442,484,453,388,361,353,421,479,396,360,398,411,367,352,395,398,380,394,360,397,418,438,496,371,394,412,459,383,407,402,409,447,398,415,460,414,477,143,405,390,451,350,325,416,418,487,536,460,384,427,424,404,441,405,499,426,406,389,447,431,390,384,394,420,438
0,S307,A,1,3,4,214,155,4345,4,3,2,2,2,2,1,0,1,2,3,0,1,0,15,0,0,0,0,2,5,229,179,4897,4,2,3,2,1,2,1,1,0,1,3,1,1,1,0,0,0,0,0,5,4,208,190,5216,4,3,3,2,2,1,2,2,1,1,1,1,1,1,0,0,0,0,0,4,7,379,244,7404,4,2,2,1,2,1,1,1,1,0,0,0,0,0,0,0,0,0,0,4,8,306,243,7012,5,3,2,2,2,3,1,0,1,1,3,1,1,1,1,1,0,0,0,0,2,306,308,9090,27,21,8,3,3,3,2,1,0,1,1,0,0,1,0,0,0,0,0,4,2,388,295,8987,19,18,11,9,10,5,1,1,2,1,1,1,0,0,0,0,0,0,0,5,6,480,307,8427,26,18,15,8,2,2,1,1,1,1,1,0,1,0,0,1,0,0,0,5,4,437,190,7036,40,22,18,8,5,2,1,0,1,1,0,0,0,0,0,1,0,0,0,4,5,454,268,9385,39,16,6,5,3,2,1,1,1,1,1,0,1,0,0,0,0,0
0,S143,A,13,638,38,428,252,557,33,592,40,370,206,496,319,548,85,617,246,493,201,424,223,447,45,657,75,418,265,363,114,777,75,340,249,583,198,522,76,762,55,353,266,470,33,596,73,394,157,459,193,440,63,640,57,692,157,691,51,688,30,549,216,581,294,500,36,793,54,595,301,624,148,911,78,678,146,398,238,479,36,650,82,380,139,422,153,590,84,758,86,411,252,457,50,838,28,490,202,445,216,585,43,760,111,669,248,499,55,839,57,564,105,440,320,368,103,731,86,442,443,523,103,519,27,675,109,574,239,563,176,622,81,428,347,424,156,150,515,189,397,52,615,37,345,294,447,120,604,107,766,67,394,236,495,25,649,103,554,238,664,134,733,239,582,73,334,265,408,24,679,40,672,166,453,115,604,65,880,36,403,266,467,140,577,45,516,155,512,547,378,37,559,35,417,154,344,39,477,18,717,125,442,195,531,19,752,74,624,230,545,92,579,96,2521,115,458,273,582,40,673,42,471,79,570,300,418,63,602,42,423,197,356,41,519,94,581,48,285,171,362,24
0,S395,A,945,0,0,0,0,0,0,0,0,671,8,0,0,0,193,188,2265,429,300,925,4,60,0,0,674,0,0,0,0,0,0,0,0,13,5,297,0,0,0,0,0,0,0,0,0,0,0,0,3233,0,0,0,0,0,0,0,0,0,0,0,0,0,0,0,0,0,0,0,0,0,0,0,3748,0,0,0,0,0,0,0,0,3134,300,6288,0,297,0,0,3695,1436,0,0,0,0,0,599,1483,0,0,0,0,0,0,0,183,1229,2031,256,0,0,0,288,4196,1477,0,0,0,0,581,0,1635,0,0,0,0,0,0,0,896,595,1063,1443,0,121,347,0,463,224,0,0,0,0,0,0,1273,0,0,0,0,0,0,0,88,88,220,553,0,7661,4125,1209,0,0,0,0,0,0,67,9,1000,0,0,0,0,0,0,0,0,10,58,292,0,8,0,939,6258,745,0,42,49,130,30,0,1003,0,0,0,0,0,0,0,0,0,55,62,4,0,217,365,70,87,0,0,0,0,0,0,277,0,0,0,0,0,0,0,0,0,0,0,0,0,0,0,0,631,0,0,0,0,0,0
0,S247,C,215,182,205,194,247,230,199,206,241,226,183,184,267,239,263,281,255,244,238,247,226,251,235,248,174,215,216,223,269,274,228,233,254,261,209,246,292,234,281,221,242,248,242,211,255,240,259,258,258,219,247,234,273,313,214,228,266,285,203,273,296,291,275,285,302,298,268,275,299,289,342,337,258,241,257,245,284,293,208,212,264,215,195,191,213,239,218,214,212,248,207,181,185,220,228,225,208,232,230,255,283,277,223,272,268,206,208,217,245,248,245,221,225,199,228,179,205,212,211,222,217,235,271,277,313,280,248,267,272,275,222,211,229,246,222,264,210,194,206,219,207,212,232,224,220,227,257,262,292,280,256,262,266,257,214,180,200,233,227,220,210,194,173,186,167,224,219,240,212,220,251,273,308,274,231,237,270,261,207,200,219,225,244,229,213,220,199,204,186,177,206,226,202,191,202,242,212,276,240,207,221,241,197,213,215,219,255,235,212,234,211,268,110,228,250,231,222,202,229,242,289,334,243,247,247,247,233,250,237,287,252,234,196,225,228,269,225,219,227,258
0,S374,C,1,1,1,2,4,6,9,18,28,22,14,13,16,24,35,35,29,18,7,4,2,2,1,1,1,1,1,2,4,7,12,27,41,35,25,19,21,35,43,34,29,18,8,5,3,2,1,1,1,1,1,2,4,7,11,29,43,38,29,24,27,36,45,41,27,16,7,4,2,2,1,1,1,1,1,2,3,7,7,15,23,17,12,11,12,19,24,21,15,10,5,3,2,2,1,1,1,1,1,2,4,5,9,19,27,20,14,11,13,19,27,24,17,10,4,3,2,2,1,1,1,1,1,2,6,9,11,19,27,21,16,15,14,19,26,26,19,11,5,3,2,2,1,1,1,1,1,2,6,9,10,18,25,20,16,13,13,17,23,21,17,11,5,3,2,2,1,1,1,1,1,2,6,9,10,19,26,21,16,14,15,22,32,33,25,16,7,4,3,2,1,1,1,1,1,2,5,8,12,24,34,31,24,20,22,33,41,49,29,18,8,4,3,2,2,1,1,1,1,2,6,11,18,32,40,43,30,23,24,35,40,34,24,13,6,4,23695,13081,5765,3618
0,S284,C,71,6,82,54,59,125,195,123,189,360,255,238,324,240,370,397,522,509,127,101,134,102,107,101,80,61,148,106,211,171,244,133,195,199,241,377,304,287,341,282,237,265,216,201,205,325,130,140,81,60,151,99,78,144,135,115,163,317,164,158,314,292,339,537,202,108,84,59,193,89,88,85,121,60,182,86,82,177,129,77,184,336,231,233,203,185,309,388,302,296,197,315,506,58,83,281,123,46,129,118,106,152,154,114,164,359,316,269,315,335,363,227,287,187,115,84,71,69,99,125,126,106,225,188,158,350,495,245,127,359,271,230,224,233,353,330,412,214,133,124,110,53,97,65,77,61,144,136,117,206,255,428,225,338,226,215,206,171,259,317,282,203,149,79,80,94,131,91,40,26,99,292,192,185,250,182,260,377,258,221,223,179,235,283,323,225,481,2005,686,116,66,62,101,39,139,223,152,261,327,40,48,68,185,125,83,205,144,107,110,158,119,78,55,111,133,64,67,42,81,180,144,105,219,208,283,250,64,74,157,188,140,133,113,153,163,85,110,144,83,59
0,S126,C,5,0,0,0,0,0,0,0,0,19,17,18,0,25,43,49,46,98,160,26,11,0,0,0,0,0,0,0,0,0,0,0,0,1,0,1,0,4,9,0,0,11,0,1,0,0,0,0,0,0,0,0,0,0,0,0,0,2,0,0,0,0,0,0,0,4,0,0,0,0,0,0,0,0,0,0,0,0,0,0,0,15,33,49,4,30,107,113,195,105,140,73,67,51,0,0,0,0,0,0,0,0,0,0,0,994,204,325,533,229,725,697,608,464,1198,51,4,0,0,3,6,0,0,0,0,0,0,0,0,242,860,224,11,102,581,890,764,1212,1518,2677,15114,7804,1556,0,0,0,0,0,0,0,0,0,0,516,199,36,1,851,173,963,827,383,666,1259,0,0,0,6,0,0,0,0,0,0,0,0,0,10,39,120,4,6,41,117,89,28,15,0,0,0,0,0,0,0,0,0,0,0,0,0,0,4,0,0,0,0,6,7,5,5,0,0,21,4,0,0,0,0,0,0,0,0,0,0,0,0,0,0,0,0,0,0,0,11,0,0,0,0,0,0
0,S037,C,0,0,0,0,0,0,0,0,3,69,100,407,63,87,214,89,1122,121,30,11,3,1,1,0,0,1,0,1,0,0,1,0,0,3,3,29,3,12,198,5,30,8,28,45,12,20,2,1,1,0,0,0,0,0,0,2,6,22,9,6,6,8,265,28,45,85,4,27,11,190,0,0,0,0,0,0,0,0,0,1,2,153,44,159,7,141,946,3602,580,2744,830,0,14,2,2,0,1,0,0,0,0,0,3,1,2,421,342,922,6,4433,1138,97,115,5398,1957,7,25,2,1,1,0,0,0,0,0,0,0,0,2,424,2446,1657,357,601,1310,1518,1116,443,910,5,9,4,2,0,0,0,0,0,0,0,0,0,3,1507,1880,127,2,460,1485,1296,579,528,2,1,1,2,3,2,0,0,0,0,0,0,0,0,0,243,51,504,140,1776,371,202,323,93,28,11,6,2,1,0,0,0,0,0,0,0,0,0,0,2,2,0,2,9,6,18,25,65,342,22,85,2,3,1,0,0,0,0,0,0,0,0,1,6,15,9,5,11,22,10,9,4,3,14,21,1,1,0
0,S031,B,5,84,69,79,97,103,84,102,88,133,156,130,197,198,184,162,173,186,185,151,182,192,175,165,135,149,158,199,203,215,159,168,194,203,145,167,197,205,186,163,190,189,144,152,185,173,173,198,176,184,182,159,220,236,151,177,203,197,147,217,209,213,207,217,242,216,204,221,209,218,238,251,178,189,177,91,219,214,173,160,179,147,140,126,165,161,139,154,160,161,165,135,133,191,149,166,180,169,178,189,184,217,184,220,176,190,149,161,178,201,186,153,168,148,161,148,139,161,183,166,129,166,215,191,219,217,200,174,178,188,161,157,152,167,191,192,170,163,137,162,152,178,187,179,164,159,187,182,201,231,190,188,208,205,156,131,176,143,192,148,165,127,150,132,139,148,162,173,172,189,164,191,216,199,175,165,199,199,163,179,170,177,200,190,148,186,164,159,139,162,140,185,156,121,158,188,200,184,171,163,179,194,164,138,159,160,166,186,173,193,148,167,69,164,179,184,154,141,177,201,212,229,183,160,192,171,191,172,170,188,171,169,166,165,143,191,162,180,164,193
0,S365,C,215,293,288,158,158,152,121,135,142,130,115,126,148,152,136,162,144,161,144,134,148,141,161,139,186,335,319,312,165,181,126,152,171,170,155,171,158,162,205,187,174,165,141,123,163,159,170,169,214,376,350,316,193,196,142,134,174,151,149,162,171,185,188,177,180,177,164,167,164,178,202,177,228,374,374,325,188,195,166,115,164,133,129,124,131,132,143,121,125,137,119,117,120,116,152,146,170,380,336,300,193,177,162,170,162,136,136,153,136,154,165,120,122,126,139,118,119,111,128,163,200,375,347,328,197,172,155,139,171,165,123,129,132,136,162,171,140,133,126,146,116,145,135,149,197,363,361,313,178,169,152,144,164,154,123,130,140,154,150,125,140,132,122,115,119,114,131,137,185,361,345,319,181,186,165,145,178,162,133,120,126,137,155,139,141,133,133,122,99,132,148,134,162,305,247,276,159,149,114,134,138,146,106,139,229,147,146,133,165,158,145,154,84,144,158,150,175,381,300,329,240,198,160,143,159,163,160,167,135,172,174,154,158,140,147,140,142,140,155,154
0,S040,B,57,111,90,283,116,106,90,113,100,91,105,101,100,117,121,134,119,106,98,111,106,123,112,119,326,110,123,401,143,126,101,111,115,112,100,118,115,116,124,125,109,122,117,79,92,124,128,134,340,130,139,400,135,151,115,113,119,130,111,109,135,131,105,137,131,152,120,138,127,147,162,141,387,123,131,422,127,150,109,100,119,102,82,108,108,110,115,85,97,97,100,91,87,103,110,120,360,131,150,419,140,146,109,130,113,97,102,105,111,111,107,110,110,103,97,109,88,95,103,105,374,131,124,414,142,138,110,107,108,129,111,103,115,108,108,126,116,95,98,85,86,95,99,114,357,115,139,432,120,129,118,117,105,122,93,97,99,100,97,84,102,88,81,76,86,92,119,130,362,149,125,406,144,108,115,119,144,106,99,108,101,107,114,114,89,88,79,103,97,96,104,114,373,113,107,369,126,119,93,92,103,97,103,106,102,91,110,109,122,99,126,119,65,110,116,110,406,107,125,343,108,143,116,116,120,119,100,117,121,112,129,114,125,101,108,98,101,97,107,115
0,S338,B,3,0,0,1468,0,6,3,8,12,7,4,3,7,7,4,5,1,4,3,3,2,3,6,2,1268,0,0,1161,0,8,5,12,12,1,1,4,6,6,7,6,4,3,2,0,1,3,3,4,2081,0,0,1505,0,11,2,13,4,3,1,5,6,2,5,3,5,6,5,4,4,7,7,7,1987,0,0,1391,0,8,3,3,9,2,5,1,4,7,5,2,2,2,5,1,4,3,1,5,1191,0,0,2064,0,9,1,16,4,5,2,3,4,1,2,3,3,5,3,2,3,0,5,8,2060,0,0,1155,0,8,1,5,4,4,3,1,4,4,0,1,1,2,4,4,7,4,5,2,1511,0,0,1351,0,13,4,5,6,5,2,5,7,4,4,4,0,0,3,7,2,3,3,1,1306,0,0,1132,0,10,5,12,4,1,6,3,2,4,5,13,6,4,1,5,4,5,3,1,1861,0,0,1022,0,14,6,11,7,4,1,4,2,1,4,4,5,2,5,5,3,6,4,6,1885,0,0,1844,0,12,1,8,11,6,3,3,7,7,4,6,6,4,6,2,0,6,7,5
0,S364,B,238,75,94,358,221,87,66,90,84,87,70,76,84,94,77,93,90,76,87,79,78,84,87,70,223,65,98,523,187,111,78,84,103,86,91,108,108,100,73,84,95,104,78,62,94,83,109,107,393,93,120,575,172,102,76,82,92,88,84,86,96,79,99,94,115,97,112,115,98,99,117,118,363,92,101,618,238,117,85,96,92,72,79,64,81,91,67,74,75,79,60,65,58,78,82,92,294,85,93,531,179,106,86,92,90,78,66,92,88,74,92,71,66,73,81,72,71,99,57,88,342,89,111,535,236,109,98,107,98,98,88,53,92,85,73,97,81,79,92,69,80,81,96,90,319,85,114,589,196,99,83,98,95,99,89,82,95,77,84,80,81,78,61,59,72,73,77,81,317,87,91,523,238,85,101,98,94,79,78,73,95,93,107,84,75,75,104,77,59,62,85,85,298,79,101,491,213,102,92,79,88,102,88,82,80,84,79,83,90,101,82,96,50,84,105,102,354,78,113,473,233,103,106,79,76,95,83,93,74,102,105,80,92,87,81,85,100,86,93,87
0,S367,B,167,47,106,50,167,76,98,55,172,60,126,40,179,56,234,55,222,61,173,58,181,44,166,53,114,48,118,64,197,64,137,51,203,59,138,66,241,73,149,350,597,89,142,42,95,61,184,69,139,56,213,62,216,76,198,62,165,61,127,59,180,70,168,64,179,69,159,65,162,81,286,81,184,49,160,45,169,74,144,48,145,50,132,71,125,51,152,42,166,38,125,36,161,49,146,68,123,64,154,61,175,69,198,60,160,72,108,54,114,84,156,49,168,51,127,49,117,43,132,53,149,48,187,63,257,56,117,39,144,42,128,50,130,49,126,57,123,42,196,39,140,51,152,59,158,49,199,57,201,69,179,61,142,66,137,42,125,58,163,47,122,40,145,52,130,49,153,60,156,52,174,45,191,71,133,56,173,72,111,44,124,49,209,68,127,48,140,40,125,42,138,54,156,48,153,36,187,58,184,59,113,50,150,52,96,59,143,61,167,52,146,77,178,41,161,58,114,50,178,57,208,74,155,57,192,62,152,37,191,72,170,50,142,49,159,51,159,45,119,51
0,S055,B,55,812,56,51,74,59,56,69,71,53,84,56,64,62,57,599,65,55,54,55,71,58,60,54,49,1161,58,58,73,71,56,60,63,70,54,53,61,85,62,66,60,74,54,51,59,60,58,71,65,784,75,52,75,71,75,57,73,66,56,72,51,67,76,70,70,64,77,61,73,67,80,83,75,991,67,64,69,75,55,45,53,58,54,43,63,56,61,46,59,56,52,44,38,51,72,57,63,1022,63,61,80,75,57,56,77,60,42,53,59,63,62,51,42,58,48,50,38,49,45,55,55,803,63,76,67,71,63,48,54,54,50,55,47,57,75,62,53,54,65,56,59,60,63,49,57,1058,64,62,75,78,64,60,69,66,49,49,55,59,64,61,52,53,48,45,44,45,52,59,57,1216,46,52,79,59,64,59,59,64,53,51,52,45,53,51,57,52,57,69,51,43,49,48,47,971,57,64,62,72,63,59,47,63,54,47,62,50,55,63,54,64,53,58,26,58,63,69,54,1039,60,60,68,77,64,68,56,54,49,56,56,69,60,56,57,59,51,50,57,48,70,59
0,S346,B,75,94,99,123,94,92,85,88,95,97,80,76,104,109,91,113,111,98,91,101,98,93,91,88,83,84,93,120,109,97,79,105,94,94,88,89,97,91,97,93,96,93,101,84,85,104,95,103,104,118,113,127,115,129,92,94,105,105,79,118,114,106,120,121,102,112,117,107,132,138,124,149,110,109,101,156,98,119,84,88,83,83,81,58,92,94,72,84,73,98,69,75,66,81,95,88,85,105,87,152,110,113,99,88,104,93,81,91,79,93,93,81,76,86,75,91,72,77,67,83,99,110,102,129,121,86,96,98,102,86,72,66,83,85,96,92,77,72,90,88,88,87,86,94,100,113,99,143,132,131,89,94,116,95,84,94,83,75,111,103,81,84,63,71,91,82,102,94,75,103,103,162,113,118,117,86,97,117,98,91,90,99,86,89,88,77,90,89,80,84,87,96,86,91,96,137,95,92,80,88,96,77,70,82,86,92,88,92,92,98,121,93,62,116,107,94,91,97,100,157,115,127,93,110,90,114,99,96,82,127,95,89,98,98,105,99,110,107,99,102
0,S080,C,55,21,89,17,104,24,82,27,162,23,100,26,173,32,196,34,176,25,136,24,127,23,140,29,194,21,125,27,186,29,131,28,155,29,133,35,179,33,133,35,136,28,134,26,103,25,138,37,141,19,186,28,164,30,133,28,116,43,98,22,143,33,137,37,166,35,125,40,139,32,215,41,165,29,148,26,121,34,103,17,141,28,94,22,127,21,145,19,157,31,115,20,157,26,95,28,125,23,95,28,128,32,116,33,111,39,90,29,88,44,136,34,136,31,96,30,102,25,102,32,172,22,173,31,200,35,110,21,99,27,96,30,96,28,123,26,99,22,136,29,155,30,129,37,159,34,160,29,134,24,135,28,146,24,94,36,97,30,145,21,103,24,143,19,85,21,133,34,144,18,135,30,178,34,124,28,144,28,117,30,119,23,153,32,118,25,110,13,95,22,89,20,157,21,155,31,177,40,161,29,105,25,109,21,83,22,93,31,112,26,116,41,143,22,131,28,157,23,139,24,158,29,136,19,172,21,149,23,173,22,170,31,146,31,141,23,126,32,105,25
0,S294,C,1,68,75,64,82,87,68,65,72,67,65,59,71,90,87,90,87,81,67,70,85,89,89,72,71,64,75,79,80,94,77,94,81,76,84,81,92,95,91,81,80,75,78,70,59,94,99,86,75,71,86,73,96,107,68,78,94,96,77,93,88,86,101,93,95,98,90,93,92,95,113,105,75,64,74,85,81,98,78,63,83,60,66,75,80,81,66,63,66,70,79,59,53,79,93,78,53,79,86,83,90,95,81,91,86,79,57,79,80,96,72,77,56,67,100,68,56,73,66,71,69,70,98,99,95,95,91,67,81,89,75,63,87,84,97,86,79,62,81,63,69,67,106,87,76,82,86,95,81,98,81,80,74,79,66,78,71,77,77,72,54,53,73,59,58,70,85,99,66,66,83,79,104,86,84,83,97,86,60,84,81,86,101,68,67,59,67,73,60,65,74,86,67,57,72,83,87,97,87,59,75,68,72,71,80,78,64,81,77,70,98,105,75,64,75,65,60,67,72,83,84,105,80,71,77,82,85,84,89,96,81,71,70,70,79,77,83,72,67,81
0,S218,C,96,29,65,18,89,44,46,31,92,28,63,26,130,42,140,38,106,45,96,30,91,38,97,31,86,38,73,31,156,41,110,27,130,39,72,33,125,38,98,35,104,34,81,32,71,29,107,30,77,26,130,35,140,47,125,23,90,34,69,38,104,37,107,38,120,48,94,47,89,47,155,50,107,30,95,20,82,49,68,30,102,22,72,27,111,36,82,33,110,32,82,21,106,28,65,31,93,30,75,34,119,33,118,33,97,42,50,38,64,32,81,24,101,20,75,33,75,24,75,31,118,37,145,39,180,48,82,42,98,30,64,28,86,27,86,36,72,33,84,21,99,28,89,32,133,26,128,37,120,48,105,43,96,29,79,20,85,32,98,35,86,23,91,25,76,25,76,35,103,27,94,39,134,40,77,31,111,35,74,26,73,44,101,27,78,24,73,28,89,35,83,19,88,28,112,44,130,38,134,28,85,33,94,32,70,38,78,26,70,35,91,29,54,21,93,31,92,40,108,33,152,36,83,28,117,31,108,32,113,47,116,28,79,36,96,32,86,33,79,37
0,S244,C,45,13,18,9,10,18,32,67,76,67,54,75,90,95,90,80,79,95,145,132,162,133,99,68,53,19,33,23,21,25,44,39,86,69,90,97,97,118,124,97,69,94,103,88,109,120,121,106,46,17,28,12,26,34,29,47,58,64,64,67,66,89,119,70,87,100,92,168,107,151,160,114,54,31,27,8,11,30,29,42,64,66,67,48,58,56,54,69,61,100,83,52,77,97,100,60,29,37,38,34,18,19,43,44,79,42,130,47,61,111,67,51,79,53,99,76,64,100,61,78,40,21,23,21,14,33,56,53,100,70,46,54,65,46,53,84,90,50,103,114,81,116,69,76,60,14,19,11,22,25,42,57,67,75,41,51,47,80,41,62,94,52,56,60,60,79,120,100,50,25,27,26,14,22,119,58,79,75,57,66,86,116,102,90,78,62,96,99,107,108,108,133,52,31,26,12,14,21,64,47,65,81,73,79,48,59,75,104,121,97,76,132,180,101,126,80,54,30,8,13,25,33,48,49,70,62,53,83,67,98,148,119,75,112,158,86,85,114,112,108
0,S086,C,3,0,666,0,0,2,1,1,4,5,2,3,4,4,4,4,4,7,2,2,7,2,6,3,696,0,1091,0,0,9,6,4,6,3,9,7,5,3,2,6,5,3,7,7,3,3,2,5,969,0,940,0,0,15,7,10,8,1,2,4,6,5,1,5,2,0,2,3,5,3,6,6,786,0,1003,0,0,12,4,7,12,3,3,3,3,5,4,1,4,7,6,2,0,2,0,4,583,0,800,0,0,13,6,8,4,3,4,3,3,4,3,6,2,1,5,4,1,5,1,6,1035,0,810,0,0,4,3,5,15,4,3,4,4,1,1,3,1,5,1,5,4,6,6,5,882,0,1241,0,0,8,6,1,7,1,4,3,1,3,3,4,3,4,3,4,3,2,4,2,645,0,945,0,0,7,5,3,4,1,3,3,3,7,13,8,5,6,1,2,3,1,5,1,992,0,885,0,0,8,1,11,9,3,2,6,5,6,7,3,6,5,6,8,7,4,4,5,874,0,1265,0,0,12,0,6,8,4,4,5,4,5,4,2,6,7,5,2,2,4,3,5
0,S210,C,6,0,0,0,3,0,0,0,0,1,0,0,38,164,0,0,413,6,8,0,409,10,0,51,3,20,1,1,3,0,0,62,120,0,0,32,975,0,0,6,30,27,138,407,30,13,281,0,324,1,0,1,0,0,0,188,68,16,0,0,6,230,1034,66,11,482,0,1,15,845,42,0,3,0,0,0,1,0,0,0,0,0,0,1,16,1,0,109,0,7,0,397,3,0,125,0,0,0,0,0,0,0,6,0,196,36,0,0,0,0,8,1,81,0,28,20,44,0,0,0,115,0,0,3,0,0,0,0,0,0,905,0,0,0,0,0,0,52,0,89,0,1,11,0,0,0,7,1,0,0,1,0,5,0,0,0,0,136,0,0,0,23,0,0,281,335,0,85,0,49,5,0,0,8,0,0,3,23,0,0,28,0,0,0,19,0,1,82,219,124,0,1,5,0,0,0,1,0,0,0,0,0,336,105,0,191,621,125,667,0,305,5,15,0,292,219,0,0,0,0,0,0,1,0,0,1,55,81,20,0,450,136,44,1,645,671,73,192,154,0
0,S003,C,8,1,0,0,0,1,5,58,110,173,145,83,62,91,176,128,153,89,38,17,35,7,22,7,0,0,1,0,0,0,0,0,13,9,35,22,13,14,5,11,14,15,16,9,10,4,10,3,3,0,0,0,0,0,3,5,16,27,18,29,6,55,33,79,29,41,21,59,87,66,71,52,4,0,0,0,2,0,5,42,190,280,212,164,56,60,192,156,175,120,27,75,148,91,118,32,11,38,0,0,1,0,0,73,387,251,216,163,30,93,168,234,174,105,54,52,57,55,32,22,8,2,0,0,4,0,1,61,255,336,234,169,53,165,194,244,198,89,47,43,75,63,76,54,10,0,0,0,0,0,24,76,209,267,314,174,13,113,269,185,97,97,21,41,30,34,17,1,3,0,0,0,0,0,2,68,242,160,145,84,29,52,248,182,108,65,33,45,59,31,58,38,9,0,0,0,0,0,1,1,3,2,21,6,5,11,10,37,6,5,8,12,30,13,5,4,0,0,0,2,0,0,0,0,0,3,17,8,30,20,9,4,54,20,20,8,18,10,22,11
0,S114,A,354,0,1,550,4,7,4,5,12,5,8,9,9,4,13,6,8,4,5,0,10,2,5,6,406,0,1,651,5,8,9,9,14,1,9,6,11,5,9,6,5,3,11,6,3,3,11,5,632,0,7,603,5,6,8,10,9,3,2,5,10,3,6,2,10,2,8,2,6,2,17,4,488,0,4,443,5,11,5,3,15,6,7,1,9,5,4,9,15,6,10,1,4,0,5,3,355,0,3,442,1,6,10,9,8,10,7,4,3,4,5,9,8,3,6,1,6,4,2,4,555,1,4,677,5,4,5,6,4,2,8,3,5,6,4,2,8,3,9,2,11,4,7,4,444,0,3,420,3,6,9,3,10,3,8,3,3,1,4,3,4,5,8,1,3,1,4,1,332,0,4,721,2,3,7,8,14,2,8,2,6,4,7,2,7,3,8,4,8,3,8,1,488,0,3,406,9,5,9,6,8,5,9,4,4,2,6,1,7,4,4,2,4,6,8,1,466,0,4,312,5,8,6,8,16,5,6,5,8,8,9,5,12,5,6,4,8,3,4,5
0,S273,A,0,0,0,0,0,0,0,0,0,0,0,0,1,0,0,0,0,0,0,0,0,0,0,0,0,0,0,0,0,0,0,0,0,0,0,0,0,0,0,0,0,0,0,0,0,0,0,0,0,0,0,0,0,0,0,0,0,0,0,0,0,0,0,0,0,0,0,0,0,0,0,0,0,0,0,0,0,0,0,0,0,0,0,3,0,0,0,0,0,0,0,0,0,0,0,0,0,0,0,0,0,0,0,0,0,0,0,0,0,0,0,0,0,0,0,0,0,0,0,0,0,0,0,0,0,0,0,0,0,0,0,0,0,0,0,1,0,0,0,0,0,0,0,0,0,0,0,0,0,0,0,0,0,1,1,1,3,17,214,537,417,378,271,154,114,102,99,69,29,14,9,5,6,9,35,69,135,183,168,156,136,149,201,213,200,185,150,129,118,116,111,75,34,14,8,6,6,9,19,43,91,140,150,141,113,117,139,143,151,152,121,153,123,122,109,77,40,19,11,8,8,10,19,43,87,127,141,138,114,144,144,142,150,155,144,148,152,147,134,94
0,S189,A,71,54,52,62,64,64,82,81,74,53,59,72,83,106,74,72,85,54,62,61,69,79,81,53,79,43,74,65,69,77,55,52,63,82,56,64,79,82,62,69,69,45,61,49,58,62,73,80,74,39,61,79,72,76,50,66,64,72,83,74,85,77,78,84,82,73,65,73,88,93,82,77,49,64,73,53,87,84,68,49,58,60,68,70,61,53,59,49,53,67,47,39,43,52,58,65,56,48,65,41,66,70,56,68,71,60,116,88,68,65,82,55,62,54,63,58,58,58,45,62,52,52,62,51,71,68,49,53,77,60,70,42,54,55,0,0,29,3,0,0,0,1,0,0,0,0,0,0,0,0,0,0,0,1,2,0,11,15,0,0,0,0,0,0,0,0,0,0,0,0,0,0,0,0,0,0,2,6,11,3,9,6,0,0,0,0,1,0,0,3,0,0,0,0,0,0,0,0,0,0,0,0,0,0,0,0,0,0,6,0,0,0,0,0,0,0,0,0,0,0,0,0,0,0,0,0,0,0,0,0,0,1,0,0,0,0,0,0,0,0
0,S078,A,0,0,5,0,0,24,30,101,151,90,69,296,412,399,208,0,0,69,47,30,0,0,0,0,0,0,6,0,0,34,25,123,144,82,31,0,0,0,0,0,0,0,0,0,0,0,0,0,0,0,9,0,0,0,51,130,164,86,0,21,0,0,0,0,0,0,0,0,0,0,0,0,0,0,6,0,0,0,0,201,30,180,111,54,42,12,21,32,18,0,0,0,0,0,0,0,0,0,5,0,0,39,19,127,137,65,0,20,0,130,265,151,277,298,330,289,78,227,124,0,0,0,11,0,0,30,38,190,101,66,20,0,0,5,15,25,28,44,27,44,31,25,0,0,0,0,8,0,0,40,29,131,151,93,0,18,0,0,0,0,0,0,0,8,0,0,0,0,0,0,8,0,0,28,28,138,163,76,0,0,16,0,0,0,0,0,0,0,0,0,0,0,0,0,6,0,0,48,30,98,130,74,0,0,20,4,0,0,0,0,0,0,0,0,0,0,0,0,6,0,0,0,60,116,110,64,5,0,0,22,0,0,0,0,0,0,0,0,0,0
0,S292,A,177,0,0,220,0,0,277,0,274,0,0,31,0,0,78,0,0,73,0,0,98,0,0,126,0,112,0,0,198,0,0,198,0,0,234,0,0,31,0,0,53,0,57,0,0,73,0,0,106,0,0,110,0,0,135,0,170,0,0,19,0,0,25,0,0,48,0,0,51,0,108,0,0,86,0,0,112,0,0,173,0,0,123,0,25,0,0,59,0,0,32,0,0,124,0,0,98,0,132,0,0,179,0,0,157,0,0,28,0,0,42,0,58,4,0,57,7,0,76,0,0,155,0,0,115,0,0,133,0,121,34,0,25,0,3,58,0,0,61,0,0,65,0,0,101,0,191,0,0,192,0,0,187,0,0,18,0,0,54,0,78,0,0,60,0,0,74,0,0,85,0,0,155,0,0,147,0,226,0,0,17,0,0,36,0,0,50,0,0,67,0,110,0,0,137,0,0,238,0,0,224,0,0,22,0,0,30,0,37,0,0,103,0,0,66,0,0,113,0,0,197,0,223,0,0,233,0,0,34,0,0,15,0,0,49,0,84,0,0,83
0,S074,C,6,0,3,0,3,0,7,0,2,2,8,1,3,0,7,1,4,0,5,0,121,779,1043,706,642,513,780,593,738,615,655,574,764,158,102,0,10,0,10,0,4,0,2,0,5,0,20,0,10,0,2,0,3,0,2,0,4,0,4,0,2,0,3,0,5,0,3,0,2,0,4,0,5,0,4,0,4,0,5,0,1,3,52,0,18,19,5,0,66,35,23,1,1,62,118,156,193,65,34,0,3,0,4,0,2,4,12,7,11,1,16,1,16,30,27,1,7,15,78,112,26,0,3,1,5,0,4,0,41,95,14,1,6,20,36,22,55,59,112,20,33,54,73,28,50,23,40,17,48,30,55,14,58,37,78,38,53,30,72,43,138,120,234,13,28,0,4,0,6,0,7,0,2,0,3,0,29,303,26,92,41,0,26,43,29,109,61,12,38,0,9,0,4,0,4,0,2,0,1,0,2,1,10,24,9,0,5,0,5,0,3,0,1,0,5,0,9,0,3,0,11,0,6,0,5,0,7,0,2,0,4,0,4,0,4,0,2,0,4,0
0,S291,A,6,0,0,0,686,3,4,10,11,2,5,5,12,4,9,4,9,6,10,5,6,6,10,3,238,0,1,0,358,7,11,5,13,6,6,5,9,4,7,5,9,6,11,5,6,1,10,4,346,0,3,0,356,7,9,4,8,2,5,2,7,4,7,7,9,6,10,3,4,3,7,7,319,0,5,0,266,6,5,3,12,4,10,5,8,4,11,2,10,5,8,4,7,3,7,4,192,0,1,0,222,8,8,10,10,7,5,8,7,1,5,8,8,1,9,7,6,3,8,0,356,0,2,0,452,6,5,8,13,5,5,6,5,3,5,6,5,2,7,2,10,4,12,4,268,0,5,0,451,6,10,5,11,2,6,3,5,3,4,5,3,4,6,1,5,3,8,5,221,0,4,560,5,12,6,9,10,5,9,3,7,2,9,3,8,1,6,4,6,6,5,1,277,0,6,0,340,6,11,5,14,1,6,1,3,3,4,3,8,6,3,5,6,5,4,4,341,0,2,0,555,9,6,7,17,5,6,6,12,4,8,3,3,4,7,3,6,3,9,2
